{"cameraMode":{"drawMode":0,"name":"Shaded","section":"Shading Mode"},"sceneLighting":true,"audioPlay":false,"sceneViewState":{"showFog":true,"showMaterialUpdate":true,"showSkybox":true,"showFlares":true,"showImageEffects":true,"showParticleSystems":true},"in2DMode":false,"pivot":{"x":3.877376079559326,"y":-6.591197967529297,"z":64.03642272949219},"rotation":{"x":0.12736409902572633,"y":0.038979627192020419,"z":-0.005007872357964516,"w":0.9910803437232971},"size":22.459545135498048,"orthographic":false}