{"cameraMode":{"drawMode":0,"name":"Shaded","section":"Shading Mode"},"sceneLighting":false,"audioPlay":false,"sceneViewState":{"showFog":true,"showMaterialUpdate":true,"showSkybox":false,"showFlares":true,"showImageEffects":true,"showParticleSystems":true},"in2DMode":false,"pivot":{"x":-0.02790069580078125,"y":2.0599513053894045,"z":-0.35086917877197268},"rotation":{"x":0.3453442454338074,"y":-0.4606994092464447,"z":0.21958912909030915,"w":0.7876233458518982},"size":6.718010425567627,"orthographic":false}