{"cameraMode":{"drawMode":0,"name":"Shaded","section":"Shading Mode"},"sceneLighting":true,"audioPlay":false,"sceneViewState":{"showFog":true,"showMaterialUpdate":true,"showSkybox":true,"showFlares":true,"showImageEffects":true,"showParticleSystems":true},"in2DMode":false,"pivot":{"x":40.70759582519531,"y":-20.281864166259767,"z":4.190789222717285},"rotation":{"x":0.1936139166355133,"y":-0.7782948017120361,"z":0.3305773437023163,"w":0.4975963830947876},"size":13.34725570678711,"orthographic":false}