{"cameraMode":{"drawMode":0,"name":"Shaded","section":"Shading Mode"},"sceneLighting":false,"audioPlay":false,"sceneViewState":{"showFog":true,"showMaterialUpdate":true,"showSkybox":false,"showFlares":true,"showImageEffects":true,"showParticleSystems":true},"in2DMode":false,"pivot":{"x":0.5339999794960022,"y":1.093999981880188,"z":-0.9110000133514404},"rotation":{"x":-0.12886469066143037,"y":0.715887725353241,"z":-0.13716508448123933,"w":-0.6725080609321594},"size":12.461819648742676,"orthographic":false}