{"cameraMode":{"drawMode":0,"name":"Shaded","section":"Shading Mode"},"sceneLighting":true,"audioPlay":false,"sceneViewState":{"showFog":true,"showMaterialUpdate":true,"showSkybox":true,"showFlares":true,"showImageEffects":true,"showParticleSystems":true},"in2DMode":false,"pivot":{"x":-45.897605895996097,"y":-18.292118072509767,"z":7.7073516845703129},"rotation":{"x":-0.06863552331924439,"y":0.9309753775596619,"z":-0.25661367177963259,"w":-0.25115257501602175},"size":42.89482879638672,"orthographic":false}