{"cameraMode":{"drawMode":0,"name":"Shaded","section":"Shading Mode"},"sceneLighting":true,"audioPlay":false,"sceneViewState":{"showFog":true,"showMaterialUpdate":true,"showSkybox":false,"showFlares":true,"showImageEffects":true,"showParticleSystems":true},"in2DMode":false,"pivot":{"x":-7.139250755310059,"y":7.402878761291504,"z":-9.927972793579102},"rotation":{"x":-0.06454490125179291,"y":0.2526519298553467,"z":-0.031280964612960818,"w":-0.9649373292922974},"size":0.5243066549301148,"orthographic":false}