{"cameraMode":{"drawMode":0,"name":"Shaded","section":"Shading Mode"},"sceneLighting":true,"audioPlay":false,"sceneViewState":{"showFog":true,"showMaterialUpdate":true,"showSkybox":true,"showFlares":true,"showImageEffects":true,"showParticleSystems":true},"in2DMode":false,"pivot":{"x":47.5426139831543,"y":-11.712752342224121,"z":9.08356761932373},"rotation":{"x":0.03367775306105614,"y":-0.6491278409957886,"z":0.030537638813257219,"w":0.7593554258346558},"size":2.313107967376709,"orthographic":false}