{"cameraMode":{"drawMode":0,"name":"Shaded","section":"Shading Mode"},"sceneLighting":true,"audioPlay":false,"sceneViewState":{"showFog":true,"showMaterialUpdate":true,"showSkybox":true,"showFlares":true,"showImageEffects":true,"showParticleSystems":true},"in2DMode":false,"pivot":{"x":59.29692459106445,"y":0.6566343307495117,"z":1.786316990852356},"rotation":{"x":-0.36429014801979067,"y":0.4318516254425049,"z":-0.2147703468799591,"w":-0.7967396974563599},"size":4.997889518737793,"orthographic":false}