{"cameraMode":{"drawMode":0,"name":"Shaded","section":"Shading Mode"},"sceneLighting":false,"audioPlay":false,"sceneViewState":{"showFog":true,"showMaterialUpdate":true,"showSkybox":false,"showFlares":true,"showImageEffects":true,"showParticleSystems":true},"in2DMode":false,"pivot":{"x":2.861236810684204,"y":1.5375652313232422,"z":-1.058504343032837},"rotation":{"x":-0.2844236493110657,"y":0.4902356266975403,"z":-0.17291896045207978,"w":-0.8056102991104126},"size":1.1358628273010255,"orthographic":false}