{"cameraMode":{"drawMode":0,"name":"Shaded","section":"Shading Mode"},"sceneLighting":false,"audioPlay":false,"sceneViewState":{"showFog":true,"showMaterialUpdate":true,"showSkybox":false,"showFlares":true,"showImageEffects":true,"showParticleSystems":true},"in2DMode":false,"pivot":{"x":-43.726707458496097,"y":2.5811409950256349,"z":16.89223861694336},"rotation":{"x":0.09473095089197159,"y":-0.608611524105072,"z":0.07373650372028351,"w":0.784594714641571},"size":0.7805619835853577,"orthographic":false}