{"cameraMode":{"drawMode":0,"name":"Shaded","section":"Shading Mode"},"sceneLighting":true,"audioPlay":false,"sceneViewState":{"showFog":true,"showMaterialUpdate":true,"showSkybox":true,"showFlares":true,"showImageEffects":true,"showParticleSystems":true},"in2DMode":false,"pivot":{"x":47.921531677246097,"y":-4.032829284667969,"z":7.940690994262695},"rotation":{"x":-0.3950362801551819,"y":0.5737345814704895,"z":-0.36803823709487917,"w":-0.6159545183181763},"size":7.251899242401123,"orthographic":false}