{"cameraMode":{"drawMode":0,"name":"Shaded","section":"Shading Mode"},"sceneLighting":true,"audioPlay":false,"sceneViewState":{"showFog":true,"showMaterialUpdate":true,"showSkybox":true,"showFlares":true,"showImageEffects":true,"showParticleSystems":true},"in2DMode":false,"pivot":{"x":31.691715240478517,"y":-28.577938079833986,"z":10.179716110229493},"rotation":{"x":-0.31935763359069826,"y":0.5939174890518189,"z":-0.27704790234565737,"w":-0.6845296621322632},"size":24.489391326904298,"orthographic":false}