{"cameraMode":{"drawMode":0,"name":"Shaded","section":"Shading Mode"},"sceneLighting":false,"audioPlay":false,"sceneViewState":{"showFog":true,"showMaterialUpdate":true,"showSkybox":false,"showFlares":true,"showImageEffects":true,"showParticleSystems":true},"in2DMode":false,"pivot":{"x":-38.48057556152344,"y":-0.1457667350769043,"z":28.06362533569336},"rotation":{"x":0.4821513891220093,"y":-0.06006985157728195,"z":0.0333896167576313,"w":0.8736279010772705},"size":0.8714188933372498,"orthographic":false}