{"cameraMode":{"drawMode":0,"name":"Shaded","section":"Shading Mode"},"sceneLighting":true,"audioPlay":false,"sceneViewState":{"showFog":true,"showMaterialUpdate":true,"showSkybox":true,"showFlares":true,"showImageEffects":true,"showParticleSystems":true},"in2DMode":false,"pivot":{"x":48.17388153076172,"y":-23.272998809814454,"z":4.2432475090026859},"rotation":{"x":-0.25263941287994387,"y":0.7280885577201843,"z":-0.3961200714111328,"w":-0.4992521405220032},"size":18.738323211669923,"orthographic":false}