{"cameraMode":{"drawMode":0,"name":"Shaded","section":"Shading Mode"},"sceneLighting":true,"audioPlay":false,"sceneViewState":{"showFog":true,"showMaterialUpdate":true,"showSkybox":true,"showFlares":true,"showImageEffects":true,"showParticleSystems":true},"in2DMode":false,"pivot":{"x":-6.739269256591797,"y":-10.657907485961914,"z":22.99007797241211},"rotation":{"x":0.33009523153305056,"y":-0.6037542223930359,"z":0.30196237564086916,"w":0.6598527431488037},"size":26.344533920288087,"orthographic":false}