{"cameraMode":{"drawMode":0,"name":"Shaded","section":"Shading Mode"},"sceneLighting":false,"audioPlay":false,"sceneViewState":{"showFog":true,"showMaterialUpdate":true,"showSkybox":false,"showFlares":true,"showImageEffects":true,"showParticleSystems":true},"in2DMode":false,"pivot":{"x":0.05014681816101074,"y":0.5000001192092896,"z":-5.960464477539063e-8},"rotation":{"x":0.22747802734375,"y":-0.5008376240730286,"z":0.15566252171993257,"w":0.8205239176750183},"size":1.7959139347076417,"orthographic":false}