{"cameraMode":{"drawMode":0,"name":"Shaded","section":"Shading Mode"},"sceneLighting":true,"audioPlay":false,"sceneViewState":{"showFog":true,"showMaterialUpdate":true,"showSkybox":true,"showFlares":true,"showImageEffects":true,"showParticleSystems":true},"in2DMode":false,"pivot":{"x":36.24100112915039,"y":-23.30900001525879,"z":8.807900428771973},"rotation":{"x":-0.07641730457544327,"y":-0.09050987660884857,"z":0.006965866312384605,"w":-0.992935299873352},"size":10.0,"orthographic":false}