{"cameraMode":{"drawMode":0,"name":"Shaded","section":"Shading Mode"},"sceneLighting":true,"audioPlay":false,"sceneViewState":{"showFog":true,"showMaterialUpdate":true,"showSkybox":true,"showFlares":true,"showImageEffects":true,"showParticleSystems":true},"in2DMode":false,"pivot":{"x":39.47826385498047,"y":-24.196765899658204,"z":11.69754409790039},"rotation":{"x":0.2521430552005768,"y":-0.6915079951286316,"z":0.31361183524131777,"w":0.6000059247016907},"size":16.02769660949707,"orthographic":false}