{"cameraMode":{"drawMode":0,"name":"Shaded","section":"Shading Mode"},"sceneLighting":false,"audioPlay":false,"sceneViewState":{"showFog":true,"showMaterialUpdate":true,"showSkybox":false,"showFlares":true,"showImageEffects":true,"showParticleSystems":true},"in2DMode":false,"pivot":{"x":0.056934356689453128,"y":0.10082918405532837,"z":-0.6122012138366699},"rotation":{"x":0.06802023947238922,"y":-0.7961801886558533,"z":0.1151452362537384,"w":0.590151846408844},"size":4.472833633422852,"orthographic":false}