{"cameraMode":{"drawMode":0,"name":"Shaded","section":"Shading Mode"},"sceneLighting":true,"audioPlay":false,"sceneViewState":{"showFog":true,"showMaterialUpdate":true,"showSkybox":true,"showFlares":true,"showImageEffects":true,"showParticleSystems":true},"in2DMode":false,"pivot":{"x":478.12689208984377,"y":268.0679016113281,"z":0.0},"rotation":{"x":-0.17486482858657838,"y":0.02126266621053219,"z":-0.0037771291099488737,"w":-0.9843564629554749},"size":230.775146484375,"orthographic":false}