{"cameraMode":{"drawMode":0,"name":"Shaded","section":"Shading Mode"},"sceneLighting":false,"audioPlay":false,"sceneViewState":{"showFog":true,"showMaterialUpdate":true,"showSkybox":false,"showFlares":true,"showImageEffects":true,"showParticleSystems":true},"in2DMode":false,"pivot":{"x":0.03470662236213684,"y":0.5999999046325684,"z":-2.4384772777557375},"rotation":{"x":-0.12600962817668916,"y":0.4421030879020691,"z":-0.06291145086288452,"w":-0.8858595490455627},"size":1.168017029762268,"orthographic":false}