{"cameraMode":{"drawMode":0,"name":"Shaded","section":"Shading Mode"},"sceneLighting":true,"audioPlay":false,"sceneViewState":{"showFog":true,"showMaterialUpdate":true,"showSkybox":true,"showFlares":true,"showImageEffects":true,"showParticleSystems":true},"in2DMode":false,"pivot":{"x":51.72780227661133,"y":-11.605267524719239,"z":-4.947539806365967},"rotation":{"x":0.1746365875005722,"y":-0.22303849458694459,"z":0.040846358984708789,"w":0.9582654237747192},"size":0.9850894808769226,"orthographic":false}