{"cameraMode":{"drawMode":0,"name":"Shaded","section":"Shading Mode"},"sceneLighting":true,"audioPlay":false,"sceneViewState":{"showFog":true,"showMaterialUpdate":true,"showSkybox":true,"showFlares":true,"showImageEffects":true,"showParticleSystems":true},"in2DMode":false,"pivot":{"x":42.86603927612305,"y":-5.31328821182251,"z":10.168391227722168},"rotation":{"x":0.4416954219341278,"y":-0.4314989447593689,"z":0.25611183047294619,"w":0.743822455406189},"size":5.045530796051025,"orthographic":false}