{"cameraMode":{"drawMode":0,"name":"Shaded","section":"Shading Mode"},"sceneLighting":true,"audioPlay":false,"sceneViewState":{"showFog":true,"showMaterialUpdate":true,"showSkybox":true,"showFlares":true,"showImageEffects":true,"showParticleSystems":true},"in2DMode":false,"pivot":{"x":39.47581481933594,"y":-30.327058792114259,"z":12.354132652282715},"rotation":{"x":-0.3062306046485901,"y":0.6492487192153931,"z":-0.3220568001270294,"w":-0.6172783374786377},"size":21.494234085083009,"orthographic":false}