{"cameraMode":{"drawMode":0,"name":"Shaded","section":"Shading Mode"},"sceneLighting":true,"audioPlay":false,"sceneViewState":{"showFog":true,"showMaterialUpdate":true,"showSkybox":true,"showFlares":true,"showImageEffects":true,"showParticleSystems":true},"in2DMode":false,"pivot":{"x":44.82324981689453,"y":-23.851627349853517,"z":7.937714576721191},"rotation":{"x":-0.1957826316356659,"y":-0.7931575775146484,"z":0.32687804102897646,"w":-0.47513142228126528},"size":24.739883422851564,"orthographic":false}