{"cameraMode":{"drawMode":0,"name":"Shaded","section":"Shading Mode"},"sceneLighting":true,"audioPlay":false,"sceneViewState":{"showFog":true,"showMaterialUpdate":true,"showSkybox":true,"showFlares":true,"showImageEffects":true,"showParticleSystems":true},"in2DMode":false,"pivot":{"x":48.43593215942383,"y":-11.027668952941895,"z":19.502906799316408},"rotation":{"x":-0.039968907833099368,"y":0.5533774495124817,"z":-0.026552414521574975,"w":-0.8316563963890076},"size":2.5119926929473879,"orthographic":false}