{"cameraMode":{"drawMode":0,"name":"Shaded","section":"Shading Mode"},"sceneLighting":true,"audioPlay":false,"sceneViewState":{"showFog":true,"showMaterialUpdate":true,"showSkybox":true,"showFlares":true,"showImageEffects":true,"showParticleSystems":true},"in2DMode":false,"pivot":{"x":37.49041748046875,"y":-10.558398246765137,"z":-10.31576156616211},"rotation":{"x":0.14802305400371552,"y":-0.6749953031539917,"z":0.14090411365032197,"w":0.7089971899986267},"size":1.3838598728179932,"orthographic":false}