{"cameraMode":{"drawMode":0,"name":"Shaded","section":"Shading Mode"},"sceneLighting":false,"audioPlay":false,"sceneViewState":{"showFog":true,"showMaterialUpdate":true,"showSkybox":false,"showFlares":true,"showImageEffects":true,"showParticleSystems":true},"in2DMode":false,"pivot":{"x":2.38374924659729,"y":-3.844684600830078,"z":9.223122596740723},"rotation":{"x":0.44305962324142458,"y":-0.03257717192173004,"z":0.016070138663053514,"w":0.8958094120025635},"size":15.240726470947266,"orthographic":false}