{"cameraMode":{"drawMode":0,"name":"Shaded","section":"Shading Mode"},"sceneLighting":true,"audioPlay":false,"sceneViewState":{"showFog":true,"showMaterialUpdate":true,"showSkybox":true,"showFlares":true,"showImageEffects":true,"showParticleSystems":true},"in2DMode":false,"pivot":{"x":-43.161720275878909,"y":-20.74054718017578,"z":19.32198715209961},"rotation":{"x":-0.18829675018787385,"y":0.5880864262580872,"z":-0.14317278563976289,"w":-0.7734336853027344},"size":40.14129638671875,"orthographic":false}