{"cameraMode":{"drawMode":0,"name":"Shaded","section":"Shading Mode"},"sceneLighting":false,"audioPlay":false,"sceneViewState":{"showFog":true,"showMaterialUpdate":true,"showSkybox":false,"showFlares":true,"showImageEffects":true,"showParticleSystems":true},"in2DMode":false,"pivot":{"x":0.015572503209114075,"y":0.06055000424385071,"z":-0.0008165501058101654},"rotation":{"x":-0.38129279017448428,"y":0.5031169652938843,"z":-0.2628640830516815,"w":-0.7296925783157349},"size":0.10200895369052887,"orthographic":false}