{"cameraMode":{"drawMode":0,"name":"Shaded","section":"Shading Mode"},"sceneLighting":false,"audioPlay":false,"sceneViewState":{"showFog":true,"showMaterialUpdate":true,"showSkybox":false,"showFlares":true,"showImageEffects":true,"showParticleSystems":true},"in2DMode":false,"pivot":{"x":0.7027645111083984,"y":-0.2877674102783203,"z":9.68333911895752},"rotation":{"x":-0.2025448977947235,"y":0.7133870124816895,"z":-0.2291714996099472,"w":-0.6306045651435852},"size":11.00793743133545,"orthographic":false}