{"cameraMode":{"drawMode":0,"name":"Shaded","section":"Shading Mode"},"sceneLighting":true,"audioPlay":false,"sceneViewState":{"showFog":true,"showMaterialUpdate":true,"showSkybox":true,"showFlares":true,"showImageEffects":true,"showParticleSystems":true},"in2DMode":false,"pivot":{"x":13.760055541992188,"y":-28.436500549316408,"z":10.654341697692871},"rotation":{"x":-0.2898308038711548,"y":0.658610999584198,"z":-0.30632513761520388,"w":-0.6232767701148987},"size":20.35828399658203,"orthographic":false}