{"cameraMode":{"drawMode":0,"name":"Shaded","section":"Shading Mode"},"sceneLighting":false,"audioPlay":false,"sceneViewState":{"showFog":true,"showMaterialUpdate":true,"showSkybox":false,"showFlares":true,"showImageEffects":true,"showParticleSystems":true},"in2DMode":false,"pivot":{"x":2.758544921875,"y":1.4980729818344117,"z":-0.38996994495391848},"rotation":{"x":-0.30746418237686159,"y":0.600412905216217,"z":-0.2683093547821045,"w":-0.6878321170806885},"size":4.735862731933594,"orthographic":false}