{"cameraMode":{"drawMode":0,"name":"Shaded","section":"Shading Mode"},"sceneLighting":false,"audioPlay":false,"sceneViewState":{"showFog":true,"showMaterialUpdate":true,"showSkybox":false,"showFlares":true,"showImageEffects":true,"showParticleSystems":true},"in2DMode":false,"pivot":{"x":0.004331052303314209,"y":1.150492787361145,"z":-0.5180249214172363},"rotation":{"x":0.39235252141952517,"y":-0.572697639465332,"z":0.39742612838745119,"w":0.6001655459403992},"size":0.753256618976593,"orthographic":false}