{"cameraMode":{"drawMode":0,"name":"Shaded","section":"Shading Mode"},"sceneLighting":true,"audioPlay":false,"sceneViewState":{"showFog":true,"showMaterialUpdate":true,"showSkybox":true,"showFlares":true,"showImageEffects":true,"showParticleSystems":true},"in2DMode":false,"pivot":{"x":55.55351638793945,"y":-9.817749977111817,"z":14.584718704223633},"rotation":{"x":0.15006917715072633,"y":-0.484110563993454,"z":0.10112053155899048,"w":0.8561667799949646},"size":10.057174682617188,"orthographic":false}