{"cameraMode":{"drawMode":0,"name":"Shaded","section":"Shading Mode"},"sceneLighting":false,"audioPlay":false,"sceneViewState":{"showFog":true,"showMaterialUpdate":true,"showSkybox":false,"showFlares":true,"showImageEffects":true,"showParticleSystems":true},"in2DMode":false,"pivot":{"x":4.0711493492126469,"y":3.6454296112060549,"z":20.07506561279297},"rotation":{"x":0.5120856761932373,"y":0.28715771436691286,"z":-0.1865188181400299,"w":0.7878674864768982},"size":0.40627139806747439,"orthographic":false}