{"cameraMode":{"drawMode":0,"name":"Shaded","section":"Shading Mode"},"sceneLighting":false,"audioPlay":false,"sceneViewState":{"showFog":true,"showMaterialUpdate":true,"showSkybox":false,"showFlares":true,"showImageEffects":true,"showParticleSystems":true},"in2DMode":false,"pivot":{"x":-2.5059638023376467,"y":-1.6492435932159424,"z":2.277055501937866},"rotation":{"x":-0.1038186103105545,"y":0.5474199652671814,"z":-0.06869298219680786,"w":-0.8275707364082336},"size":1.2311333417892457,"orthographic":false}