{"cameraMode":{"drawMode":0,"name":"Shaded","section":"Shading Mode"},"sceneLighting":true,"audioPlay":false,"sceneViewState":{"showFog":true,"showMaterialUpdate":true,"showSkybox":true,"showFlares":true,"showImageEffects":true,"showParticleSystems":true},"in2DMode":false,"pivot":{"x":4.435536861419678,"y":2.4524104595184328,"z":35.41700744628906},"rotation":{"x":-0.17486482858657838,"y":0.02126266621053219,"z":-0.0037771291099488737,"w":-0.9843564629554749},"size":1.7733911275863648,"orthographic":false}