{"cameraMode":{"drawMode":0,"name":"Shaded","section":"Shading Mode"},"sceneLighting":true,"audioPlay":false,"sceneViewState":{"showFog":true,"showMaterialUpdate":true,"showSkybox":true,"showFlares":true,"showImageEffects":true,"showParticleSystems":true},"in2DMode":false,"pivot":{"x":33.6487922668457,"y":-15.384906768798829,"z":16.222482681274415},"rotation":{"x":-0.07729452848434448,"y":0.7301732301712036,"z":-0.08388505131006241,"w":-0.673732340335846},"size":8.739669799804688,"orthographic":false}