{"cameraMode":{"drawMode":0,"name":"Shaded","section":"Shading Mode"},"sceneLighting":false,"audioPlay":false,"sceneViewState":{"showFog":true,"showMaterialUpdate":true,"showSkybox":false,"showFlares":true,"showImageEffects":true,"showParticleSystems":true},"in2DMode":false,"pivot":{"x":0.0012688040733337403,"y":0.7500001192092896,"z":0.006797529757022858},"rotation":{"x":0.004113499540835619,"y":-0.9747637510299683,"z":0.2058587223291397,"w":0.08671874552965164},"size":1.381868839263916,"orthographic":false}