{"cameraMode":{"drawMode":0,"name":"Shaded","section":"Shading Mode"},"sceneLighting":false,"audioPlay":false,"sceneViewState":{"showFog":true,"showMaterialUpdate":true,"showSkybox":false,"showFlares":true,"showImageEffects":true,"showParticleSystems":true},"in2DMode":false,"pivot":{"x":-3.2699999809265138,"y":-0.5839999914169312,"z":0.9609999656677246},"rotation":{"x":-0.1423225700855255,"y":0.24175748229026795,"z":-0.03589398413896561,"w":-0.9591912031173706},"size":1.168017029762268,"orthographic":false}