{"cameraMode":{"drawMode":0,"name":"Shaded","section":"Shading Mode"},"sceneLighting":false,"audioPlay":false,"sceneViewState":{"showFog":true,"showMaterialUpdate":true,"showSkybox":false,"showFlares":true,"showImageEffects":true,"showParticleSystems":true},"in2DMode":false,"pivot":{"x":0.04060697555541992,"y":-0.41295671463012698,"z":-0.06871461868286133},"rotation":{"x":-0.08501099050045014,"y":-0.779766321182251,"z":-0.08546456694602967,"w":0.6144115328788757},"size":2.6728336811065676,"orthographic":false}