{"cameraMode":{"drawMode":0,"name":"Shaded","section":"Shading Mode"},"sceneLighting":true,"audioPlay":false,"sceneViewState":{"showFog":true,"showMaterialUpdate":true,"showSkybox":true,"showFlares":true,"showImageEffects":true,"showParticleSystems":true},"in2DMode":false,"pivot":{"x":34.43575668334961,"y":-13.525074005126954,"z":-12.201603889465332},"rotation":{"x":-0.16904884576797486,"y":-0.7455025911331177,"z":0.20632204413414002,"w":-0.610812246799469},"size":3.0457921028137209,"orthographic":false}