{"cameraMode":{"drawMode":0,"name":"Shaded","section":"Shading Mode"},"sceneLighting":true,"audioPlay":false,"sceneViewState":{"showFog":true,"showMaterialUpdate":true,"showSkybox":true,"showFlares":true,"showImageEffects":true,"showParticleSystems":true},"in2DMode":false,"pivot":{"x":-13.145732879638672,"y":-8.803775787353516,"z":21.895339965820314},"rotation":{"x":-0.5066983103752136,"y":0.00445520831272006,"z":-0.0025360765866935255,"w":-0.8621946573257446},"size":32.02268981933594,"orthographic":false}