{"cameraMode":{"drawMode":0,"name":"Shaded","section":"Shading Mode"},"sceneLighting":true,"audioPlay":false,"sceneViewState":{"showFog":true,"showMaterialUpdate":true,"showSkybox":true,"showFlares":true,"showImageEffects":true,"showParticleSystems":true},"in2DMode":false,"pivot":{"x":43.92112731933594,"y":-12.827392578125,"z":16.212448120117189},"rotation":{"x":-0.046270258724689487,"y":-0.945544421672821,"z":0.1548328846693039,"w":-0.28256791830062868},"size":3.4203503131866457,"orthographic":false}