{"cameraMode":{"drawMode":0,"name":"Shaded","section":"Shading Mode"},"sceneLighting":true,"audioPlay":false,"sceneViewState":{"showFog":true,"showMaterialUpdate":true,"showSkybox":true,"showFlares":true,"showImageEffects":true,"showParticleSystems":true},"in2DMode":false,"pivot":{"x":-38.496986389160159,"y":-0.1457667350769043,"z":28.06362533569336},"rotation":{"x":0.002242705086246133,"y":0.9963456988334656,"z":-0.08569538593292237,"w":0.018215524032711984},"size":0.8957655429840088,"orthographic":false}