{"cameraMode":{"drawMode":0,"name":"Shaded","section":"Shading Mode"},"sceneLighting":true,"audioPlay":false,"sceneViewState":{"showFog":true,"showMaterialUpdate":true,"showSkybox":true,"showFlares":true,"showImageEffects":true,"showParticleSystems":true},"in2DMode":false,"pivot":{"x":56.19462966918945,"y":-11.795312881469727,"z":9.461362838745118},"rotation":{"x":0.06576338410377503,"y":-0.9268800020217896,"z":0.3147035241127014,"w":0.1938014179468155},"size":4.812729835510254,"orthographic":false}