{"cameraMode":{"drawMode":0,"name":"Shaded","section":"Shading Mode"},"sceneLighting":false,"audioPlay":false,"sceneViewState":{"showFog":true,"showMaterialUpdate":true,"showSkybox":false,"showFlares":true,"showImageEffects":true,"showParticleSystems":true},"in2DMode":false,"pivot":{"x":-0.249019593000412,"y":0.5190607309341431,"z":-0.004779815673828125},"rotation":{"x":0.2475252002477646,"y":0.052563589066267017,"z":-0.013458369299769402,"w":0.9673730134963989},"size":1.1862504482269288,"orthographic":false}