{"cameraMode":{"drawMode":0,"name":"Shaded","section":"Shading Mode"},"sceneLighting":true,"audioPlay":false,"sceneViewState":{"showFog":true,"showMaterialUpdate":true,"showSkybox":true,"showFlares":true,"showImageEffects":true,"showParticleSystems":true},"in2DMode":false,"pivot":{"x":-12.33551025390625,"y":8.330004692077637,"z":6.812626361846924},"rotation":{"x":0.16404901444911958,"y":0.5036583542823792,"z":-0.09806906431913376,"w":0.8425004482269287},"size":1.4486374855041505,"orthographic":false}