{"cameraMode":{"drawMode":0,"name":"Shaded","section":"Shading Mode"},"sceneLighting":true,"audioPlay":false,"sceneViewState":{"showFog":true,"showMaterialUpdate":true,"showSkybox":true,"showFlares":true,"showImageEffects":true,"showParticleSystems":true},"in2DMode":false,"pivot":{"x":2.728134870529175,"y":2.9045896530151369,"z":35.1492805480957},"rotation":{"x":-0.0011763634392991663,"y":0.15239904820919038,"z":0.000181871117092669,"w":0.9883193969726563},"size":4.578824996948242,"orthographic":false}