{"cameraMode":{"drawMode":0,"name":"Shaded","section":"Shading Mode"},"sceneLighting":true,"audioPlay":false,"sceneViewState":{"showFog":true,"showMaterialUpdate":true,"showSkybox":true,"showFlares":true,"showImageEffects":true,"showParticleSystems":true},"in2DMode":false,"pivot":{"x":0.0,"y":1.5349583625793458,"z":1.4485247135162354},"rotation":{"x":0.3218981921672821,"y":-0.5520346164703369,"z":0.24354876577854157,"w":0.729620099067688},"size":8.566038131713868,"orthographic":false}