{"cameraMode":{"drawMode":0,"name":"Shaded","section":"Shading Mode"},"sceneLighting":true,"audioPlay":false,"sceneViewState":{"showFog":true,"showMaterialUpdate":true,"showSkybox":true,"showFlares":true,"showImageEffects":true,"showParticleSystems":true},"in2DMode":false,"pivot":{"x":56.23676300048828,"y":-12.198099136352539,"z":11.316734313964844},"rotation":{"x":0.061498742550611499,"y":-0.9171352386474609,"z":0.3327418565750122,"w":0.21091368794441224},"size":1.117523193359375,"orthographic":false}