{"cameraMode":{"drawMode":0,"name":"Shaded","section":"Shading Mode"},"sceneLighting":false,"audioPlay":false,"sceneViewState":{"showFog":true,"showMaterialUpdate":true,"showSkybox":false,"showFlares":true,"showImageEffects":true,"showParticleSystems":true},"in2DMode":false,"pivot":{"x":0.015572503209114075,"y":0.06055000424385071,"z":-0.0008165501058101654},"rotation":{"x":-0.19151276350021363,"y":0.7603747844696045,"z":-0.2578760087490082,"w":-0.5645469427108765},"size":0.10200895369052887,"orthographic":false}