{"cameraMode":{"drawMode":0,"name":"Shaded","section":"Shading Mode"},"sceneLighting":true,"audioPlay":false,"sceneViewState":{"showFog":true,"showMaterialUpdate":true,"showSkybox":false,"showFlares":true,"showImageEffects":true,"showParticleSystems":true},"in2DMode":false,"pivot":{"x":-7.2833051681518559,"y":7.865116119384766,"z":-7.977481365203857},"rotation":{"x":-0.01055637001991272,"y":0.9895333647727966,"z":-0.10727646946907044,"w":-0.09644610434770584},"size":0.4259074926376343,"orthographic":false}