{"cameraMode":{"drawMode":0,"name":"Shaded","section":"Shading Mode"},"sceneLighting":false,"audioPlay":false,"sceneViewState":{"showFog":true,"showMaterialUpdate":true,"showSkybox":false,"showFlares":true,"showImageEffects":true,"showParticleSystems":true},"in2DMode":false,"pivot":{"x":-5.0387115478515629,"y":0.38840198516845705,"z":1.967160701751709},"rotation":{"x":-0.1990547478199005,"y":0.6544381976127625,"z":-0.1844644844532013,"w":-0.7058267593383789},"size":3.1258065700531008,"orthographic":false}