{"cameraMode":{"drawMode":0,"name":"Shaded","section":"Shading Mode"},"sceneLighting":true,"audioPlay":false,"sceneViewState":{"showFog":true,"showMaterialUpdate":true,"showSkybox":true,"showFlares":true,"showImageEffects":true,"showParticleSystems":true},"in2DMode":false,"pivot":{"x":16.33768653869629,"y":-0.7158777713775635,"z":10.386369705200196},"rotation":{"x":0.23364177346229554,"y":-0.6772339344024658,"z":0.24177294969558717,"w":0.6544570326805115},"size":4.788235187530518,"orthographic":false}