{"cameraMode":{"drawMode":0,"name":"Shaded","section":"Shading Mode"},"sceneLighting":true,"audioPlay":false,"sceneViewState":{"showFog":true,"showMaterialUpdate":true,"showSkybox":true,"showFlares":true,"showImageEffects":true,"showParticleSystems":true},"in2DMode":false,"pivot":{"x":114.1202621459961,"y":-36.854248046875,"z":12.04388427734375},"rotation":{"x":0.12631909549236298,"y":0.594786524772644,"z":-0.0954703688621521,"w":0.7882029414176941},"size":41.45408248901367,"orthographic":false}