{"cameraMode":{"drawMode":0,"name":"Shaded","section":"Shading Mode"},"sceneLighting":false,"audioPlay":false,"sceneViewState":{"showFog":true,"showMaterialUpdate":true,"showSkybox":false,"showFlares":true,"showImageEffects":true,"showParticleSystems":true},"in2DMode":false,"pivot":{"x":-6.357021808624268,"y":1.910679578781128,"z":27.68198585510254},"rotation":{"x":-0.29011109471321108,"y":0.6619917154312134,"z":-0.3112737536430359,"w":-0.6170905232429504},"size":10.658055305480957,"orthographic":false}