{"cameraMode":{"drawMode":0,"name":"Shaded","section":"Shading Mode"},"sceneLighting":false,"audioPlay":false,"sceneViewState":{"showFog":true,"showMaterialUpdate":true,"showSkybox":false,"showFlares":true,"showImageEffects":true,"showParticleSystems":true},"in2DMode":false,"pivot":{"x":0.11396026611328125,"y":-0.4132375717163086,"z":-3.157989740371704},"rotation":{"x":-0.28636106848716738,"y":-0.6584826111793518,"z":0.300239235162735,"w":-0.6279973387718201},"size":5.950890064239502,"orthographic":false}