{"cameraMode":{"drawMode":0,"name":"Shaded","section":"Shading Mode"},"sceneLighting":true,"audioPlay":false,"sceneViewState":{"showFog":true,"showMaterialUpdate":true,"showSkybox":true,"showFlares":true,"showImageEffects":true,"showParticleSystems":true},"in2DMode":false,"pivot":{"x":50.4635009765625,"y":-15.422839164733887,"z":-4.178263187408447},"rotation":{"x":0.17947225272655488,"y":-0.8204084038734436,"z":0.39175793528556826,"w":0.3758418560028076},"size":2.5937411785125734,"orthographic":false}