{"cameraMode":{"drawMode":0,"name":"Shaded","section":"Shading Mode"},"sceneLighting":true,"audioPlay":false,"sceneViewState":{"showFog":true,"showMaterialUpdate":true,"showSkybox":true,"showFlares":true,"showImageEffects":true,"showParticleSystems":true},"in2DMode":false,"pivot":{"x":47.45108413696289,"y":-13.567927360534668,"z":10.442339897155762},"rotation":{"x":0.29062938690185549,"y":-0.621789813041687,"z":0.2920086681842804,"w":0.6661550402641296},"size":9.458230972290039,"orthographic":false}