{"cameraMode":{"drawMode":0,"name":"Shaded","section":"Shading Mode"},"sceneLighting":true,"audioPlay":false,"sceneViewState":{"showFog":true,"showMaterialUpdate":true,"showSkybox":true,"showFlares":true,"showImageEffects":true,"showParticleSystems":true},"in2DMode":false,"pivot":{"x":49.53807067871094,"y":-14.98343276977539,"z":-3.9870190620422365},"rotation":{"x":0.10439423471689224,"y":-0.8701546788215637,"z":0.25666549801826479,"w":0.4076341986656189},"size":2.4551658630371095,"orthographic":false}