{"cameraMode":{"drawMode":0,"name":"Shaded","section":"Shading Mode"},"sceneLighting":true,"audioPlay":false,"sceneViewState":{"showFog":true,"showMaterialUpdate":true,"showSkybox":true,"showFlares":true,"showImageEffects":true,"showParticleSystems":true},"in2DMode":false,"pivot":{"x":62.248409271240237,"y":-11.11400032043457,"z":18.24384117126465},"rotation":{"x":0.3213978111743927,"y":0.04591831937432289,"z":-0.0010126185370609165,"w":0.9458894729614258},"size":3.7119925022125246,"orthographic":false}