{"cameraMode":{"drawMode":0,"name":"Shaded","section":"Shading Mode"},"sceneLighting":false,"audioPlay":false,"sceneViewState":{"showFog":true,"showMaterialUpdate":true,"showSkybox":false,"showFlares":true,"showImageEffects":true,"showParticleSystems":true},"in2DMode":false,"pivot":{"x":0.017957866191864015,"y":0.10721083730459213,"z":-0.043438076972961429},"rotation":{"x":0.06264973431825638,"y":0.6437271237373352,"z":-0.034875113517045978,"w":0.7619404196739197},"size":1.2181178331375123,"orthographic":false}