{"cameraMode":{"drawMode":0,"name":"Shaded","section":"Shading Mode"},"sceneLighting":true,"audioPlay":false,"sceneViewState":{"showFog":true,"showMaterialUpdate":true,"showSkybox":false,"showFlares":true,"showImageEffects":true,"showParticleSystems":true},"in2DMode":false,"pivot":{"x":-7.139250755310059,"y":7.402878761291504,"z":-9.927972793579102},"rotation":{"x":0.02889092266559601,"y":0.9559373259544373,"z":0.047710366547107699,"w":-0.2883702218532562},"size":0.5243066549301148,"orthographic":false}