{"cameraMode":{"drawMode":0,"name":"Shaded","section":"Shading Mode"},"sceneLighting":true,"audioPlay":false,"sceneViewState":{"showFog":true,"showMaterialUpdate":true,"showSkybox":true,"showFlares":true,"showImageEffects":true,"showParticleSystems":true},"in2DMode":false,"pivot":{"x":42.62248229980469,"y":-8.925254821777344,"z":14.536455154418946},"rotation":{"x":-0.3164704442024231,"y":0.6743525266647339,"z":-0.39901137351989748,"w":-0.5347921252250671},"size":18.47707748413086,"orthographic":false}