{"cameraMode":{"drawMode":0,"name":"Shaded","section":"Shading Mode"},"sceneLighting":true,"audioPlay":false,"sceneViewState":{"showFog":true,"showMaterialUpdate":true,"showSkybox":true,"showFlares":true,"showImageEffects":true,"showParticleSystems":true},"in2DMode":false,"pivot":{"x":16.32257080078125,"y":-7.333259105682373,"z":2.2113823890686037},"rotation":{"x":0.11764872819185257,"y":-0.8087061643600464,"z":0.20186257362365724,"w":0.539889395236969},"size":37.88642120361328,"orthographic":false}