{"cameraMode":{"drawMode":0,"name":"Shaded","section":"Shading Mode"},"sceneLighting":true,"audioPlay":false,"sceneViewState":{"showFog":true,"showMaterialUpdate":true,"showSkybox":true,"showFlares":true,"showImageEffects":true,"showParticleSystems":true},"in2DMode":false,"pivot":{"x":-73.86385345458985,"y":-29.37606430053711,"z":14.91571044921875},"rotation":{"x":-0.13970553874969483,"y":0.7429575324058533,"z":-0.16299892961978913,"w":-0.6343322992324829},"size":47.58462905883789,"orthographic":false}