{"cameraMode":{"drawMode":0,"name":"Shaded","section":"Shading Mode"},"sceneLighting":true,"audioPlay":false,"sceneViewState":{"showFog":true,"showMaterialUpdate":true,"showSkybox":true,"showFlares":true,"showImageEffects":true,"showParticleSystems":true},"in2DMode":false,"pivot":{"x":18.137744903564454,"y":-4.274387359619141,"z":36.298194885253909},"rotation":{"x":0.19256213307380677,"y":0.022583605721592904,"z":-0.004301183857023716,"w":0.9810830950737},"size":34.95787811279297,"orthographic":false}