{"cameraMode":{"drawMode":0,"name":"Shaded","section":"Shading Mode"},"sceneLighting":true,"audioPlay":false,"sceneViewState":{"showFog":true,"showMaterialUpdate":true,"showSkybox":true,"showFlares":true,"showImageEffects":true,"showParticleSystems":true},"in2DMode":false,"pivot":{"x":45.02436065673828,"y":-12.541003227233887,"z":12.639856338500977},"rotation":{"x":0.15076972544193269,"y":-0.758833110332489,"z":0.21508122980594636,"w":0.5960693359375},"size":17.892494201660158,"orthographic":false}