{"cameraMode":{"drawMode":0,"name":"Shaded","section":"Shading Mode"},"sceneLighting":true,"audioPlay":false,"sceneViewState":{"showFog":true,"showMaterialUpdate":true,"showSkybox":true,"showFlares":true,"showImageEffects":true,"showParticleSystems":true},"in2DMode":false,"pivot":{"x":42.988277435302737,"y":-14.774924278259278,"z":9.68669319152832},"rotation":{"x":-0.4310009777545929,"y":0.5465345978736877,"z":-0.3912561237812042,"w":-0.6020494699478149},"size":13.151995658874512,"orthographic":false}