{"cameraMode":{"drawMode":0,"name":"Shaded","section":"Shading Mode"},"sceneLighting":true,"audioPlay":false,"sceneViewState":{"showFog":true,"showMaterialUpdate":false,"showSkybox":false,"showFlares":true,"showImageEffects":true,"showParticleSystems":true},"in2DMode":false,"pivot":{"x":-18.05405616760254,"y":5.595990180969238,"z":-8.308448791503907},"rotation":{"x":-0.050588689744472507,"y":0.680698037147522,"z":-0.04729967191815376,"w":-0.7293403744697571},"size":6.42590856552124,"orthographic":false}